review_id,reviewer_id,review_date,rating,review_text,review_like_count,owner_response_text,owner_response_date,review_url,scraped_at,batch_number,text_word_count,is_valid_text,filter_reason,clean_text
Ci9DQUlRQUNvZENodHljRjlvT21ZMmJXRjViR1prVWxoMldFOXlXSGg2ZDBVNU5tYxAB,108016557122242203976,2026-06-01T10:33:01.945Z,5,"baru pertama kali kesini dan g sengaja banget kesini
but im very excited.. senang sekali nambah pengetahuan ttg minyak atsiri dan sejarah nya, staff nya ramah2.. t4 nya bagus tertata rapi di kombinasi dg teknologi.. bener2 pengalaman baru dan pengalaman seru
toko suvenirnya jg menjual aneka produk dr minyak atsiri dan produk umkm dg harga terjangkau
yg belum pernah kesini.. segera agendakan yaaa.. nyesel banget kl g 🤗",0,,,https://www.google.com/maps/reviews/data=!4m8!14m7!1m6!2m5!1sCi9DQUlRQUNvZENodHljRjlvT21ZMmJXRjViR1prVWxoMldFOXlXSGg2ZDBVNU5tYxAB!2m1!1s0x0:0x49cd93be2a9d4605!3m1!1s2@1:CAIQACodChtycF9oOmY2bWF5bGZkUlh2WE9yWHh6d0U5Nmc%7C%7C?hl=id,2026-06-01T14:47:40.479Z,batch_001,67,true,,"baru pertama kali kesini dan g sengaja banget kesini but im very excited.. senang sekali nambah pengetahuan ttg minyak atsiri dan sejarah nya, staff nya ramah2.. t4 nya bagus tertata rapi di kombinasi dg teknologi.. bener2 pengalaman baru dan pengalaman seru toko suvenirnya jg menjual aneka produk dr minyak atsiri dan produk umkm dg harga terjangkau yg belum pernah kesini.. segera agendakan yaaa.. nyesel banget kl g 🤗"
Ci9DQUlRQUNvZENodHljRjlvT2pkMmFqaDNOak50UlVwWldtZG5OVlpsZUVKcGNsRRAB,114408178709071708616,2026-05-31T08:18:54.724Z,5,"Beli EDT 4 ternyata ada salah 1 botol yg kosong. Komunikasi dgn CS, bawa & tukar langsung, cepet tanpa ribet, paper bag diganti dengan yg baru. Terima kasih untuk pelayanan terbaiknya, semoga semakin sukses. Aamiin",0,,,https://www.google.com/maps/reviews/data=!4m8!14m7!1m6!2m5!1sCi9DQUlRQUNvZENodHljRjlvT2pkMmFqaDNOak50UlVwWldtZG5OVlpsZUVKcGNsRRAB!2m1!1s0x0:0x49cd93be2a9d4605!3m1!1s2@1:CAIQACodChtycF9oOjd2ajh3NjNtRUpZWmdnNVZleEJpclE%7C%7C?hl=id,2026-06-01T14:47:40.479Z,batch_001,34,true,,"Beli EDT 4 ternyata ada salah 1 botol yg kosong. Komunikasi dgn CS, bawa & tukar langsung, cepet tanpa ribet, paper bag diganti dengan yg baru. Terima kasih untuk pelayanan terbaiknya, semoga semakin sukses. Aamiin"
Ci9DQUlRQUNvZENodHljRjlvT21KcVNsTkZRV0ZFVlU1UGFHeEdRMVJCV0hKMmRuYxAB,115601197388783429081,2026-05-30T18:17:26.869Z,4,Aku sih rekomendasikan ke sini weekdays karena sepi untuk introvert cocok. Makanan di restonya enak enak dan unik. Wajib coba sih klo di rumah atsiri dan pastinya beli parfum juga hehe,0,,,https://www.google.com/maps/reviews/data=!4m8!14m7!1m6!2m5!1sCi9DQUlRQUNvZENodHljRjlvT21KcVNsTkZRV0ZFVlU1UGFHeEdRMVJCV0hKMmRuYxAB!2m1!1s0x0:0x49cd93be2a9d4605!3m1!1s2@1:CAIQACodChtycF9oOmJqSlNFQWFEVU5PaGxGQ1RBWHJ2dnc%7C%7C?hl=id,2026-06-01T14:47:40.479Z,batch_001,31,true,,Aku sih rekomendasikan ke sini weekdays karena sepi untuk introvert cocok. Makanan di restonya enak enak dan unik. Wajib coba sih klo di rumah atsiri dan pastinya beli parfum juga hehe
Ci9DQUlRQUNvZENodHljRjlvT2tWdk5YVmlTR0ozVGpsUVVHcE5SamMyV1Voc2NsRRAB,103315548861112904309,2026-05-30T14:26:40.737Z,5,"Tempatnya bagus untuk edukasi, bersih dan terawat. Waktu masuk gerbang langsung bayar tiket masuk 50ribu/orang, berupa saldo di kartu. Pas di dalam mau belanja, ikut tour, dll dipotong dari saldo tsb. Kalau saldo habis dan masih mau belanja bisa bayar cash. Ada tour guidenya juga (berbayar) di jam2 tertentu. Ada restonya juga di dalam, harga lumayan mahal, ada healthy food juga, minuman2 dari olahan tanaman yg ada di rumah atsiri tsb juga ada. Rekomended untuk tempat jalan2 sekaligus belajar.",0,,,https://www.google.com/maps/reviews/data=!4m8!14m7!1m6!2m5!1sCi9DQUlRQUNvZENodHljRjlvT2tWdk5YVmlTR0ozVGpsUVVHcE5SamMyV1Voc2NsRRAB!2m1!1s0x0:0x49cd93be2a9d4605!3m1!1s2@1:CAIQACodChtycF9oOkVvNXViSGJ3TjlQUGpNRjc2WUhsclE%7C%7C?hl=id,2026-06-01T14:47:40.479Z,batch_001,80,true,,"Tempatnya bagus untuk edukasi, bersih dan terawat. Waktu masuk gerbang langsung bayar tiket masuk 50ribu/orang, berupa saldo di kartu. Pas di dalam mau belanja, ikut tour, dll dipotong dari saldo tsb. Kalau saldo habis dan masih mau belanja bisa bayar cash. Ada tour guidenya juga (berbayar) di jam2 tertentu. Ada restonya juga di dalam, harga lumayan mahal, ada healthy food juga, minuman2 dari olahan tanaman yg ada di rumah atsiri tsb juga ada. Rekomended untuk tempat jalan2 sekaligus belajar."
Ci9DQUlRQUNvZENodHljRjlvT2w5d2RVSndiMkUyTUZZM2JrUkhkWEJTY1RBMWRsRRAB,114123507895475488622,2026-05-30T00:46:17.239Z,5,"Great place for chill , artistic architecture",0,,,https://www.google.com/maps/reviews/data=!4m8!14m7!1m6!2m5!1sCi9DQUlRQUNvZENodHljRjlvT2w5d2RVSndiMkUyTUZZM2JrUkhkWEJTY1RBMWRsRRAB!2m1!1s0x0:0x49cd93be2a9d4605!3m1!1s2@1:CAIQACodChtycF9oOl9wdUJwb2E2MFY3bkRHdXBScTA1dlE%7C%7C?hl=id,2026-06-01T14:47:40.479Z,batch_001,6,true,,"Great place for chill , artistic architecture"
Ci9DQUlRQUNvZENodHljRjlvT200d1NGYzNPR2QxT1VSR00waGphSFZhWjJvM2VrRRAB,109674257330393295010,2026-05-29T03:18:46.350Z,5,"Tiap sudutnyya cantik dan estetikkk
Waktu yg tepat kesini adalah pagi supaya bisa explore semua wilayah kalo sore terbatas karna bbrp tempat sudah tutup",0,,,https://www.google.com/maps/reviews/data=!4m8!14m7!1m6!2m5!1sCi9DQUlRQUNvZENodHljRjlvT200d1NGYzNPR2QxT1VSR00waGphSFZhWjJvM2VrRRAB!2m1!1s0x0:0x49cd93be2a9d4605!3m1!1s2@1:CAIQACodChtycF9oOm4wSFc3OGd1OURGM0hjaHVaZ2o3ekE%7C%7C?hl=id,2026-06-01T14:47:40.479Z,batch_001,24,true,,Tiap sudutnyya cantik dan estetikkk Waktu yg tepat kesini adalah pagi supaya bisa explore semua wilayah kalo sore terbatas karna bbrp tempat sudah tutup
Ci9DQUlRQUNvZENodHljRjlvT2xreE0zQk5VVEZDY2tsNU1qUjVkMHBYWVdKVE4xRRAB,110916424767338096370,2026-05-27T09:46:23.085Z,5,Perlu penataan parkir waktu musim libur,0,,,https://www.google.com/maps/reviews/data=!4m8!14m7!1m6!2m5!1sCi9DQUlRQUNvZENodHljRjlvT2xreE0zQk5VVEZDY2tsNU1qUjVkMHBYWVdKVE4xRRAB!2m1!1s0x0:0x49cd93be2a9d4605!3m1!1s2@1:CAIQACodChtycF9oOlkxM3BNUTFCckl5MjR5d0pXYWJTN1E%7C%7C?hl=id,2026-06-01T14:47:40.479Z,batch_001,6,true,,Perlu penataan parkir waktu musim libur
Ci9DQUlRQUNvZENodHljRjlvT2pWVVpsVllSSE5XZDNGck9EaFVURXA1T0RsTFJHYxAB,100000333327707663139,2026-05-27T09:04:55.190Z,4,"Pertama kesini, beli tiket 50rb ,bisa untuk masuk tiap spot atau buat beli makan.
Kalau kurang bisa top up di setiap lokasi. Coba ke restonya, menurut saya harganya tidak worth it dengan yg di dapatkan, rasanya biasa saja. Saya kesini bawa motor, Saat masuk tidak ada yg mengarahkan parkiran motor, karena tidak ada petunjuk arah parkir. Satpam yg di depan cuek. Dan setelah saya keluar buat pulang, baru mereka menyambut dengan ucapan terimakasih. Untuk pegawai bagian informasi cukup membantu jika mau tanya2.",0,,,https://www.google.com/maps/reviews/data=!4m8!14m7!1m6!2m5!1sCi9DQUlRQUNvZENodHljRjlvT2pWVVpsVllSSE5XZDNGck9EaFVURXA1T0RsTFJHYxAB!2m1!1s0x0:0x49cd93be2a9d4605!3m1!1s2@1:CAIQACodChtycF9oOjVUZlVYRHNWd3FrODhUTEp5ODlLRGc%7C%7C?hl=id,2026-06-01T14:47:40.479Z,batch_001,82,true,,"Pertama kesini, beli tiket 50rb ,bisa untuk masuk tiap spot atau buat beli makan. Kalau kurang bisa top up di setiap lokasi. Coba ke restonya, menurut saya harganya tidak worth it dengan yg di dapatkan, rasanya biasa saja. Saya kesini bawa motor, Saat masuk tidak ada yg mengarahkan parkiran motor, karena tidak ada petunjuk arah parkir. Satpam yg di depan cuek. Dan setelah saya keluar buat pulang, baru mereka menyambut dengan ucapan terimakasih. Untuk pegawai bagian informasi cukup membantu jika mau tanya2."
Ci9DQUlRQUNvZENodHljRjlvT2xCSE1WUkplSFUzVUdaakxVUnllSFZNTldaUGJrRRAB,105190828705346449211,2026-05-24T13:27:30.669Z,5,"This is my second time here and I always love the great ambience!

The menu is so unique as they include the calorie information for each beverages 😀

The food is tasty!",0,,,https://www.google.com/maps/reviews/data=!4m8!14m7!1m6!2m5!1sCi9DQUlRQUNvZENodHljRjlvT2xCSE1WUkplSFUzVUdaakxVUnllSFZNTldaUGJrRRAB!2m1!1s0x0:0x49cd93be2a9d4605!3m1!1s2@1:CAIQACodChtycF9oOlBHMVRJeHU3UGZjLURyeHVMNWZPbkE%7C%7C?hl=id,2026-06-01T14:47:40.479Z,batch_001,31,true,,This is my second time here and I always love the great ambience! The menu is so unique as they include the calorie information for each beverages 😀 The food is tasty!
Ci9DQUlRQUNvZENodHljRjlvT2xvNU9IWlJSbWxDY0RoRFUzZ3RkalpFZUdSWE5rRRAB,104376859298612278601,2026-05-24T06:01:30.874Z,5,"Saya berkunjung ke Rumah Atsiri Indonesia dan secara keseluruhan pengalaman di sini sangat menyenangkan. Tempatnya terasa sejuk, asri, dan jauh dari hiruk pikuk perkotaan, sehingga cocok sekali untuk healing maupun sekadar refreshing bersama keluarga atau teman. Begitu masuk area utama, suasana tenang langsung terasa dengan taman yang tertata rapi, udara segar, serta banyak spot duduk untuk bersantai menikmati pemandangan.

Konsep tempat ini juga menarik karena memadukan wisata alam, edukasi, dan kuliner dalam satu area. Banyak tanaman aromatik dan bunga yang membuat suasana semakin nyaman dan menenangkan. Area jalannya bersih dan terawat, sehingga enak untuk berjalan santai sambil menikmati udara pegunungan.

Untuk makanan dan minuman, menurut saya harganya masih cukup oke dan standar untuk tempat wisata dengan suasana seperti ini. Pilihan menunya juga cukup beragam dan rasanya enak. Menikmati makanan sambil melihat pemandangan hijau menjadi nilai tambah tersendiri. Pelayanannya juga ramah dan cukup cepat.

Selain area wisata dan restoran, di sini juga tersedia toko yang menjual parfum, essential oil, serta berbagai produk aromaterapi lainnya. Produk-produknya memang terlihat premium dan berkualitas, tetapi menurut saya harganya cukup pricy. Meski begitu, bagi yang memang menyukai parfum atau produk aromaterapi, koleksinya menarik untuk dilihat dan dicoba.

Secara keseluruhan, Rumah Atsiri adalah destinasi yang cocok untuk mencari ketenangan, menikmati suasana alam, dan melepas penat dari rutinitas kota. Tempatnya nyaman, estetik, dan memberikan pengalaman liburan yang berbeda.",0,,,https://www.google.com/maps/reviews/data=!4m8!14m7!1m6!2m5!1sCi9DQUlRQUNvZENodHljRjlvT2xvNU9IWlJSbWxDY0RoRFUzZ3RkalpFZUdSWE5rRRAB!2m1!1s0x0:0x49cd93be2a9d4605!3m1!1s2@1:CAIQACodChtycF9oOlo5OHZRRmlCcDhDU3gtdjZEeGRXNkE%7C%7C?hl=id,2026-06-01T14:47:40.479Z,batch_001,220,true,,"Saya berkunjung ke Rumah Atsiri Indonesia dan secara keseluruhan pengalaman di sini sangat menyenangkan. Tempatnya terasa sejuk, asri, dan jauh dari hiruk pikuk perkotaan, sehingga cocok sekali untuk healing maupun sekadar refreshing bersama keluarga atau teman. Begitu masuk area utama, suasana tenang langsung terasa dengan taman yang tertata rapi, udara segar, serta banyak spot duduk untuk bersantai menikmati pemandangan. Konsep tempat ini juga menarik karena memadukan wisata alam, edukasi, dan kuliner dalam satu area. Banyak tanaman aromatik dan bunga yang membuat suasana semakin nyaman dan menenangkan. Area jalannya bersih dan terawat, sehingga enak untuk berjalan santai sambil menikmati udara pegunungan. Untuk makanan dan minuman, menurut saya harganya masih cukup oke dan standar untuk tempat wisata dengan suasana seperti ini. Pilihan menunya juga cukup beragam dan rasanya enak. Menikmati makanan sambil melihat pemandangan hijau menjadi nilai tambah tersendiri. Pelayanannya juga ramah dan cukup cepat. Selain area wisata dan restoran, di sini juga tersedia toko yang menjual parfum, essential oil, serta berbagai produk aromaterapi lainnya. Produk-produknya memang terlihat premium dan berkualitas, tetapi menurut saya harganya cukup pricy. Meski begitu, bagi yang memang menyukai parfum atau produk aromaterapi, koleksinya menarik untuk dilihat dan dicoba. Secara keseluruhan, Rumah Atsiri adalah destinasi yang cocok untuk mencari ketenangan, menikmati suasana alam, dan melepas penat dari rutinitas kota. Tempatnya nyaman, estetik, dan memberikan pengalaman liburan yang berbeda."
Ci9DQUlRQUNvZENodHljRjlvT2tsS1FtNTBRMDQ0Ymxjd1VEWnZWMU14YzFJelkzYxAB,102959806047872049982,2026-05-24T05:22:12.539Z,5,"Pengalaman yang sangat menarik saat berkunjung disini. Banyak disuguhkan tentang kegiatan yang menarik seputar tanaman yang dimanfaatkan sebagai aromatherapy. Setiap kegiatan ada jamnya, jadi langsung segera mendaftar saja agar tidak tertinggal. Overall untuk suasananya nyaman, restonya juga enak dan untuk pelayanan semua staffnya sangat ramah. Produknya juga lengkap untuk oleh/oleh yang bisa dibawa pulang.",0,,,https://www.google.com/maps/reviews/data=!4m8!14m7!1m6!2m5!1sCi9DQUlRQUNvZENodHljRjlvT2tsS1FtNTBRMDQ0Ymxjd1VEWnZWMU14YzFJelkzYxAB!2m1!1s0x0:0x49cd93be2a9d4605!3m1!1s2@1:CAIQACodChtycF9oOklKQm50Q044blcwUDZvV1Mxc1IzY3c%7C%7C?hl=id,2026-06-01T14:47:40.479Z,batch_001,55,true,,"Pengalaman yang sangat menarik saat berkunjung disini. Banyak disuguhkan tentang kegiatan yang menarik seputar tanaman yang dimanfaatkan sebagai aromatherapy. Setiap kegiatan ada jamnya, jadi langsung segera mendaftar saja agar tidak tertinggal. Overall untuk suasananya nyaman, restonya juga enak dan untuk pelayanan semua staffnya sangat ramah. Produknya juga lengkap untuk oleh/oleh yang bisa dibawa pulang."
Ci9DQUlRQUNvZENodHljRjlvT2s5cllreFJkREl4Y2t0c1ZETlRSVXBYWjFJdGNFRRAB,109839888695859779830,2026-05-24T04:45:29.879Z,1,"kasir perempuan tidak ramah dan konsumen tidak dihiraukan dalam proses pembayaran di Rumah Atsiri Resto Tawangmangu, terima kasih.",0,"Yth. Ibu Laily Ana Slavia,

Terima kasih banyak telah meluangkan waktu untuk memberikan masukan kepada kami. Kami memohon maaf yang sebesar-besarnya atas pengalaman yang kurang menyenangkan dan sikap staf kasir kami yang tidak ramah saat proses pembayaran di Rumah Atsiri Resto Tawangmangu.

Laporan dari Ibu telah kami teruskan langsung kepada manajemen Resto untuk dievaluasi secara ketat. Kami memastikan akan melakukan pembinaan dan pelatihan ulang bagi tim Kasir kami agar dapat melayani setiap tamu dengan hangat, sopan, dan sigap. Terima kasih telah menegur kami agar kami bisa terus berbenah.

Salam aroma,
Manajemen Rumah Atsiri Indonesia",2026-05-06T09:50:10.000Z,https://www.google.com/maps/reviews/data=!4m8!14m7!1m6!2m5!1sCi9DQUlRQUNvZENodHljRjlvT2s5cllreFJkREl4Y2t0c1ZETlRSVXBYWjFJdGNFRRAB!2m1!1s0x0:0x49cd93be2a9d4605!3m1!1s2@1:CAIQACodChtycF9oOk9rYkxRdDIxcktsVDNTRUpXZ1ItcEE%7C%7C?hl=id,2026-06-01T14:47:40.479Z,batch_001,18,true,,"kasir perempuan tidak ramah dan konsumen tidak dihiraukan dalam proses pembayaran di Rumah Atsiri Resto Tawangmangu, terima kasih."
Ci9DQUlRQUNvZENodHljRjlvT2pWeFZtdFJhakIzVFY4NWNrTldhVFIwYkV4d1IxRRAB,103351236640856956412,2026-05-23T12:04:50.429Z,5,Must visit place kalau pergi ke tawangmangu. Kita bisa ikut tour dan di jelaskan ttg macam2 tumbuhan buat bikin wangi2an. Ada tokonya juga. Bisa ikut macam2 aktifitas/workshop. Terakhir bs makan di restonya. Seruu lah pokoknya,0,,,https://www.google.com/maps/reviews/data=!4m8!14m7!1m6!2m5!1sCi9DQUlRQUNvZENodHljRjlvT2pWeFZtdFJhakIzVFY4NWNrTldhVFIwYkV4d1IxRRAB!2m1!1s0x0:0x49cd93be2a9d4605!3m1!1s2@1:CAIQACodChtycF9oOjVxVmtRajB3TV85ckNWaTR0bExwR1E%7C%7C?hl=id,2026-06-01T14:47:40.479Z,batch_001,36,true,,Must visit place kalau pergi ke tawangmangu. Kita bisa ikut tour dan di jelaskan ttg macam2 tumbuhan buat bikin wangi2an. Ada tokonya juga. Bisa ikut macam2 aktifitas/workshop. Terakhir bs makan di restonya. Seruu lah pokoknya
Ci9DQUlRQUNvZENodHljRjlvT204ek1GaHRkV2xUVERsSE1rTjZTelJaZHpJelkwRRAB,117270955006886595155,2026-05-21T13:49:33.698Z,5,"So far menurut aku tempatnya enak sih, soalnya sejuk gitu trus pelayanannya jga ramah banget🥰",0,,,https://www.google.com/maps/reviews/data=!4m8!14m7!1m6!2m5!1sCi9DQUlRQUNvZENodHljRjlvT204ek1GaHRkV2xUVERsSE1rTjZTelJaZHpJelkwRRAB!2m1!1s0x0:0x49cd93be2a9d4605!3m1!1s2@1:CAIQACodChtycF9oOm8zMFhtdWlTTDlHMkN6SzRZdzIzY0E%7C%7C?hl=id,2026-06-01T14:47:40.479Z,batch_001,15,true,,"So far menurut aku tempatnya enak sih, soalnya sejuk gitu trus pelayanannya jga ramah banget🥰"
Ci9DQUlRQUNvZENodHljRjlvT2xOR1pFcE1iMlJvY1RGSFJEa3dTa0ozV1ZoU1VtYxAB,104982791248545458530,2026-05-18T21:47:01.424Z,5,You’ve got to visit this place at least once!,0,,,https://www.google.com/maps/reviews/data=!4m8!14m7!1m6!2m5!1sCi9DQUlRQUNvZENodHljRjlvT2xOR1pFcE1iMlJvY1RGSFJEa3dTa0ozV1ZoU1VtYxAB!2m1!1s0x0:0x49cd93be2a9d4605!3m1!1s2@1:CAIQACodChtycF9oOlNGZEpMb2RocTFHRDkwSkJ3WVhSUmc%7C%7C?hl=id,2026-06-01T14:47:40.479Z,batch_001,9,true,,You’ve got to visit this place at least once!
Ci9DQUlRQUNvZENodHljRjlvT2twd2NETTRVREI2YUd0NVNISmxURkZFTkU1eFFuYxAB,115271763113301708024,2026-05-18T15:16:06.518Z,5,"Tempatnya nyaman dan asri, walaupun daerahnya tidak begitu dingin. Produk yg dijual juga oke. Not cheap, though.",0,,,https://www.google.com/maps/reviews/data=!4m8!14m7!1m6!2m5!1sCi9DQUlRQUNvZENodHljRjlvT2twd2NETTRVREI2YUd0NVNISmxURkZFTkU1eFFuYxAB!2m1!1s0x0:0x49cd93be2a9d4605!3m1!1s2@1:CAIQACodChtycF9oOkpwcDM4UDB6aGt5SHJlTFFENE5xQnc%7C%7C?hl=id,2026-06-01T14:47:40.479Z,batch_001,17,true,,"Tempatnya nyaman dan asri, walaupun daerahnya tidak begitu dingin. Produk yg dijual juga oke. Not cheap, though."
Ci9DQUlRQUNvZENodHljRjlvT21sdGNtbFZObUZKTVRNMWJ6ZEhSbVJHWWpWWFQzYxAB,103238819551536955713,2026-05-18T12:48:06.774Z,5,"📍Rumah Atsiri Indonesia
💸 50k
kalo dari pusat kota solo kurang lebih satu jam, jalannya masih aman belum terlalu naik ke atas banget dan mudah di jangkau. pelayanan nya sangat oke mulai dari staff tiketing, staff yang mengarahkan, hingga security nya. Htm 50 kalian dapet voucher yang bisa dituker ke berbagai daya tarik didalem rumah atsiri kaya museum rumah atsiri, the garden, ataupun restonya. nanti kalo sisa bisa dibelikan oleh oleh jugaaa!!!",0,,,https://www.google.com/maps/reviews/data=!4m8!14m7!1m6!2m5!1sCi9DQUlRQUNvZENodHljRjlvT21sdGNtbFZObUZKTVRNMWJ6ZEhSbVJHWWpWWFQzYxAB!2m1!1s0x0:0x49cd93be2a9d4605!3m1!1s2@1:CAIQACodChtycF9oOmltcmlVNmFJMTM1bzdHRmRGYjVXT3c%7C%7C?hl=id,2026-06-01T14:47:40.479Z,batch_001,71,true,,"📍Rumah Atsiri Indonesia 💸 50k kalo dari pusat kota solo kurang lebih satu jam, jalannya masih aman belum terlalu naik ke atas banget dan mudah di jangkau. pelayanan nya sangat oke mulai dari staff tiketing, staff yang mengarahkan, hingga security nya. Htm 50 kalian dapet voucher yang bisa dituker ke berbagai daya tarik didalem rumah atsiri kaya museum rumah atsiri, the garden, ataupun restonya. nanti kalo sisa bisa dibelikan oleh oleh jugaaa!!!"
Ci9DQUlRQUNvZENodHljRjlvT2tGQ2RtUkdjRmRLVjAxelRWUm9VbU15V0dkeFgwRRAB,108976721583154579216,2026-05-16T13:34:55.689Z,5,Sangat menarik dan penuh edukasi terkait tanaman penghasil minyak. Ada museumnya juga. Jual produk2 hasil olahan tanaman.,0,,,https://www.google.com/maps/reviews/data=!4m8!14m7!1m6!2m5!1sCi9DQUlRQUNvZENodHljRjlvT2tGQ2RtUkdjRmRLVjAxelRWUm9VbU15V0dkeFgwRRAB!2m1!1s0x0:0x49cd93be2a9d4605!3m1!1s2@1:CAIQACodChtycF9oOkFCdmRGcFdKV01zTVRoUmMyWGdxX0E%7C%7C?hl=id,2026-06-01T14:47:40.479Z,batch_001,17,true,,Sangat menarik dan penuh edukasi terkait tanaman penghasil minyak. Ada museumnya juga. Jual produk2 hasil olahan tanaman.
Ci9DQUlRQUNvZENodHljRjlvT2pWeE5WbGFTa3BPYXpCck5ESnNWRE01UldoWlNuYxAB,113882968007559184546,2026-05-16T13:07:22.362Z,5,"This place suits me very well. Suka bgttt disini, buatku yg suka tanaman dan wewangian jadi sangat enjoy setiap moment. Experiencenya dapet banget, dari explore museum dan ikutan workshop.

Thank you",0,,,https://www.google.com/maps/reviews/data=!4m8!14m7!1m6!2m5!1sCi9DQUlRQUNvZENodHljRjlvT2pWeE5WbGFTa3BPYXpCck5ESnNWRE01UldoWlNuYxAB!2m1!1s0x0:0x49cd93be2a9d4605!3m1!1s2@1:CAIQACodChtycF9oOjVxNVlaSkpOazBrNDJsVDM5RWhZSnc%7C%7C?hl=id,2026-06-01T14:47:40.479Z,batch_001,31,true,,"This place suits me very well. Suka bgttt disini, buatku yg suka tanaman dan wewangian jadi sangat enjoy setiap moment. Experiencenya dapet banget, dari explore museum dan ikutan workshop. Thank you"
Ci9DQUlRQUNvZENodHljRjlvT2pKT1QxcFBWVzV3ZHpWVVYzYzBla0kzYzNsUlprRRAB,103693662091851520415,2026-05-16T09:50:30.311Z,5,"pertama kali kunjungan ke rumah atsiri ..kebetulan pas weekend jdi rame banget .. untuk harga tiket worth it banget makanan juga enak .. mksih buat mbak desy udah mau di tanya"" sambil di jelasin pdahal lagi rame gitu ya. Oke sih untuk tempat dan pelayanannya",0,,,https://www.google.com/maps/reviews/data=!4m8!14m7!1m6!2m5!1sCi9DQUlRQUNvZENodHljRjlvT2pKT1QxcFBWVzV3ZHpWVVYzYzBla0kzYzNsUlprRRAB!2m1!1s0x0:0x49cd93be2a9d4605!3m1!1s2@1:CAIQACodChtycF9oOjJOT1pPVW5wdzVUV3c0ekI3c3lRZkE%7C%7C?hl=id,2026-06-01T14:47:40.479Z,batch_001,43,true,,"pertama kali kunjungan ke rumah atsiri ..kebetulan pas weekend jdi rame banget .. untuk harga tiket worth it banget makanan juga enak .. mksih buat mbak desy udah mau di tanya"" sambil di jelasin pdahal lagi rame gitu ya. Oke sih untuk tempat dan pelayanannya"
Ci9DQUlRQUNvZENodHljRjlvT2s5RFRXcHBkbTFZYjJWWlVWZFJURzlIV0ZZd1JXYxAB,105447535468778778430,2026-05-14T11:31:19.464Z,5,"Saya ambil package glamping utk kamar palmarose
Alhamdulillah puas bangetttt dengan pelayanan dan fasilitas yang didapat!
Worth the price!
Hospitality staf oke! Footbath-nya bikin rileks. Makanan dan minumannya juga enak!
Kamarnya luaasss, amenities lengkap, dapat minum air mineral botol besar di kamar, teh, kopi, madu, snack, welcome drink! Dapat sayonara package juga!
Semoga rumah atsiri makin suksess dan kualitas pelayanan dapat dipertahankan!
Terima kasih♡",0,,,https://www.google.com/maps/reviews/data=!4m8!14m7!1m6!2m5!1sCi9DQUlRQUNvZENodHljRjlvT2s5RFRXcHBkbTFZYjJWWlVWZFJURzlIV0ZZd1JXYxAB!2m1!1s0x0:0x49cd93be2a9d4605!3m1!1s2@1:CAIQACodChtycF9oOk9DTWppdm1Yb2VZUVdRTG9HWFYwRWc%7C%7C?hl=id,2026-06-01T14:47:40.479Z,batch_001,64,true,,"Saya ambil package glamping utk kamar palmarose Alhamdulillah puas bangetttt dengan pelayanan dan fasilitas yang didapat! Worth the price! Hospitality staf oke! Footbath-nya bikin rileks. Makanan dan minumannya juga enak! Kamarnya luaasss, amenities lengkap, dapat minum air mineral botol besar di kamar, teh, kopi, madu, snack, welcome drink! Dapat sayonara package juga! Semoga rumah atsiri makin suksess dan kualitas pelayanan dapat dipertahankan! Terima kasih♡"
Ci9DQUlRQUNvZENodHljRjlvT25rdGVXNVNkbkJCY0dwVFkwbGtRekY2ZGsxa1FtYxAB,104843533465048694822,2026-05-14T06:38:59.787Z,5,Good.. pegawainya responfull dan sangat membantu,0,,,https://www.google.com/maps/reviews/data=!4m8!14m7!1m6!2m5!1sCi9DQUlRQUNvZENodHljRjlvT25rdGVXNVNkbkJCY0dwVFkwbGtRekY2ZGsxa1FtYxAB!2m1!1s0x0:0x49cd93be2a9d4605!3m1!1s2@1:CAIQACodChtycF9oOnkteW5SdnBBcGpTY0lkQzF6dk1kQmc%7C%7C?hl=id,2026-06-01T14:47:40.479Z,batch_001,6,true,,Good.. pegawainya responfull dan sangat membantu
Ci9DQUlRQUNvZENodHljRjlvT21aeVVFOUlTbmRWZUhCMlpHMXhORlZLUlZWeFJHYxAB,114898616932489170425,2026-05-13T09:30:27.317Z,5,Indahnya luar biasso,0,,,https://www.google.com/maps/reviews/data=!4m8!14m7!1m6!2m5!1sCi9DQUlRQUNvZENodHljRjlvT21aeVVFOUlTbmRWZUhCMlpHMXhORlZLUlZWeFJHYxAB!2m1!1s0x0:0x49cd93be2a9d4605!3m1!1s2@1:CAIQACodChtycF9oOmZyUE9ISndVeHB2ZG1xNFVKRVVxRGc%7C%7C?hl=id,2026-06-01T14:47:40.479Z,batch_001,3,true,,Indahnya luar biasso
Ci9DQUlRQUNvZENodHljRjlvT2t4SVUyZEZSVWhGUmpJeU1WZERjMlJYYW5SNWQyYxAB,102312417698527693734,2026-05-13T04:46:18.246Z,5,"tempat yang ceria dan sangat aromatik dan berwarna warni, cocok untuk yang suka ketenangan di alam",0,,,https://www.google.com/maps/reviews/data=!4m8!14m7!1m6!2m5!1sCi9DQUlRQUNvZENodHljRjlvT2t4SVUyZEZSVWhGUmpJeU1WZERjMlJYYW5SNWQyYxAB!2m1!1s0x0:0x49cd93be2a9d4605!3m1!1s2@1:CAIQACodChtycF9oOkxIU2dFRUhFRjIyMVdDc2RXanR5d2c%7C%7C?hl=id,2026-06-01T14:47:40.479Z,batch_001,16,true,,"tempat yang ceria dan sangat aromatik dan berwarna warni, cocok untuk yang suka ketenangan di alam"
Ci9DQUlRQUNvZENodHljRjlvT2xrMlJrRXhaV2w0VG5kR1MxUmxWV2RCV0hOc2JIYxAB,108501054892091518001,2026-05-12T05:53:57.801Z,5,Gaya Bulgaria yang menyatu dengan jawa,0,,,https://www.google.com/maps/reviews/data=!4m8!14m7!1m6!2m5!1sCi9DQUlRQUNvZENodHljRjlvT2xrMlJrRXhaV2w0VG5kR1MxUmxWV2RCV0hOc2JIYxAB!2m1!1s0x0:0x49cd93be2a9d4605!3m1!1s2@1:CAIQACodChtycF9oOlk2RkExZWl4TndGS1RlVWdBWHNsbHc%7C%7C?hl=id,2026-06-01T14:47:40.479Z,batch_001,6,true,,Gaya Bulgaria yang menyatu dengan jawa
Ci9DQUlRQUNvZENodHljRjlvT2tKWE9VMTJMVEZGUlVJMlozRXRUVFkyV1doWlVXYxAB,114611882300778433148,2026-05-11T05:32:16.683Z,5,"Tempatnya bagus banget 😍
Luas, banyak yang bisa dieksplorasi.
Spot foto banyak.
Stafnya cukup helpfull dan ramah.
Tiket masuk bisa ditukar dg voucher makanan atau kegiatan.
Makanan dan minuman cukup enak.
Tempat parkir juga luas.",0,,,https://www.google.com/maps/reviews/data=!4m8!14m7!1m6!2m5!1sCi9DQUlRQUNvZENodHljRjlvT2tKWE9VMTJMVEZGUlVJMlozRXRUVFkyV1doWlVXYxAB!2m1!1s0x0:0x49cd93be2a9d4605!3m1!1s2@1:CAIQACodChtycF9oOkJXOU12LTFFRUI2Z3EtTTY2WWhZUWc%7C%7C?hl=id,2026-06-01T14:47:40.479Z,batch_001,34,true,,"Tempatnya bagus banget 😍 Luas, banyak yang bisa dieksplorasi. Spot foto banyak. Stafnya cukup helpfull dan ramah. Tiket masuk bisa ditukar dg voucher makanan atau kegiatan. Makanan dan minuman cukup enak. Tempat parkir juga luas."
Ci9DQUlRQUNvZENodHljRjlvT2tWWFNrWXlkMjVEUlY5amNFOUZWMWN5TFd0dk1IYxAB,109051673799267136373,2026-05-11T04:18:48.869Z,5,"Datang saat weekend walaupun ramai tapi masih aman. Masuk wajib deposit 50k per orang yang bisa digunakan. Penjelasan penggunaan di voucher di area loket sangat jelas jadi tidak bingung untuk apa saja. Kalau di museum dipotong 38.5k  untuk garden 25k dan workshop di harga 125k. Semisal tidak untuk kegiatan bisa buat makan atau belanja, sangat worth it untuk dikunjungi. Makanannya di restonya juga enak, hanya saja pelayanan untuk service nya dalam menjelaskan produk ingredientsnya ada yang masih bingung, sangat disayangkan.
Produknya di tokonya juga banyak pilihan, cocok untuk buah tangan kerumah, areanya luas dan designnya juga sangat aesthetic.",0,,,https://www.google.com/maps/reviews/data=!4m8!14m7!1m6!2m5!1sCi9DQUlRQUNvZENodHljRjlvT2tWWFNrWXlkMjVEUlY5amNFOUZWMWN5TFd0dk1IYxAB!2m1!1s0x0:0x49cd93be2a9d4605!3m1!1s2@1:CAIQACodChtycF9oOkVXSkYyd25DRV9jcE9FV1cyLWtvMHc%7C%7C?hl=id,2026-06-01T14:47:40.479Z,batch_001,99,true,,"Datang saat weekend walaupun ramai tapi masih aman. Masuk wajib deposit 50k per orang yang bisa digunakan. Penjelasan penggunaan di voucher di area loket sangat jelas jadi tidak bingung untuk apa saja. Kalau di museum dipotong 38.5k untuk garden 25k dan workshop di harga 125k. Semisal tidak untuk kegiatan bisa buat makan atau belanja, sangat worth it untuk dikunjungi. Makanannya di restonya juga enak, hanya saja pelayanan untuk service nya dalam menjelaskan produk ingredientsnya ada yang masih bingung, sangat disayangkan. Produknya di tokonya juga banyak pilihan, cocok untuk buah tangan kerumah, areanya luas dan designnya juga sangat aesthetic."
Ci9DQUlRQUNvZENodHljRjlvT2tkbWFqVkZabEpOZDNOMWJsSlVVMVZ5TmpGVmVYYxAB,106107605784716638773,2026-05-10T07:01:54.435Z,5,Puas sama pelayanan nyaa,0,,,https://www.google.com/maps/reviews/data=!4m8!14m7!1m6!2m5!1sCi9DQUlRQUNvZENodHljRjlvT2tkbWFqVkZabEpOZDNOMWJsSlVVMVZ5TmpGVmVYYxAB!2m1!1s0x0:0x49cd93be2a9d4605!3m1!1s2@1:CAIQACodChtycF9oOkdmajVFZlJNd3N1blJUU1VyNjFVeXc%7C%7C?hl=id,2026-06-01T14:47:40.479Z,batch_001,4,true,,Puas sama pelayanan nyaa
Ci9DQUlRQUNvZENodHljRjlvT2pGWmJHRkNiRjh5UVZkNGIwZDNRV1Z3YlVaRVIwRRAB,103341451432523834987,2026-05-09T04:04:07.279Z,5,"Pengalaman pertama nan seru ke Museum Atsiri Indonesia di Plumbon, Karanganyar. dari tur Museum, kulineran dan tur Taman Aromatic, semua menyenangkan 😍 berjam-jam di sini tetap betah, lain waktu semoga kesampaian menginap glamping di Atsiri.",0,,,https://www.google.com/maps/reviews/data=!4m8!14m7!1m6!2m5!1sCi9DQUlRQUNvZENodHljRjlvT2pGWmJHRkNiRjh5UVZkNGIwZDNRV1Z3YlVaRVIwRRAB!2m1!1s0x0:0x49cd93be2a9d4605!3m1!1s2@1:CAIQACodChtycF9oOjFZbGFCbF8yQVd4b0d3QWVwbUZER0E%7C%7C?hl=id,2026-06-01T14:47:40.479Z,batch_001,34,true,,"Pengalaman pertama nan seru ke Museum Atsiri Indonesia di Plumbon, Karanganyar. dari tur Museum, kulineran dan tur Taman Aromatic, semua menyenangkan 😍 berjam-jam di sini tetap betah, lain waktu semoga kesampaian menginap glamping di Atsiri."
Ci9DQUlRQUNvZENodHljRjlvT25wd2VFaGliRGhRYVVGQ1pUbDBjM3BFT0RBdGEzYxAB,111505155455920657151,2026-05-09T01:23:18.080Z,5,"Berkunjung di Rumah Atsiri di 8 Mei kemarin dengan rekan. Menurutku Rumah Atsiri sangat cocok dengan kalangan Gen Z yang suka dengan foto foto dengan latar bunga. Saat datang sudah dijelaskan secara detail di pintu masuk di tempat pembelian vouchernya, dijelaskan mengenai penggunaan voucher, jadwal kegiatan serta ada apa saja didalam beserta biayanya jadi ngga bingung saat datang. kegiatan tournya sangat menarik, ada tour museum dan tour aromatic atau program lain yang disuguhkan yang bisa dipandu dengan guidenya. Pelayanan staff dari datang, hingga handle tamu di dalam sangat ramah dan sangat membantu ✨ terimakasih next akan datang lagi bersama keluarga.",0,,,https://www.google.com/maps/reviews/data=!4m8!14m7!1m6!2m5!1sCi9DQUlRQUNvZENodHljRjlvT25wd2VFaGliRGhRYVVGQ1pUbDBjM3BFT0RBdGEzYxAB!2m1!1s0x0:0x49cd93be2a9d4605!3m1!1s2@1:CAIQACodChtycF9oOnpweEhibDhQaUFCZTl0c3pEODAta3c%7C%7C?hl=id,2026-06-01T14:47:40.479Z,batch_001,99,true,,"Berkunjung di Rumah Atsiri di 8 Mei kemarin dengan rekan. Menurutku Rumah Atsiri sangat cocok dengan kalangan Gen Z yang suka dengan foto foto dengan latar bunga. Saat datang sudah dijelaskan secara detail di pintu masuk di tempat pembelian vouchernya, dijelaskan mengenai penggunaan voucher, jadwal kegiatan serta ada apa saja didalam beserta biayanya jadi ngga bingung saat datang. kegiatan tournya sangat menarik, ada tour museum dan tour aromatic atau program lain yang disuguhkan yang bisa dipandu dengan guidenya. Pelayanan staff dari datang, hingga handle tamu di dalam sangat ramah dan sangat membantu ✨ terimakasih next akan datang lagi bersama keluarga."
Ci9DQUlRQUNvZENodHljRjlvT2kxMGJWTkRUVzVDWWxnMlJ6ZDJTVXMxTWpNeE1YYxAB,117339291771727260961,2026-05-07T07:28:16.609Z,5,"Rumah Atsiri konsep edukasi, entertainment, cafe , showcase yang terintegrasi menambah wawasan bagi semua kalangan.",0,,,https://www.google.com/maps/reviews/data=!4m8!14m7!1m6!2m5!1sCi9DQUlRQUNvZENodHljRjlvT2kxMGJWTkRUVzVDWWxnMlJ6ZDJTVXMxTWpNeE1YYxAB!2m1!1s0x0:0x49cd93be2a9d4605!3m1!1s2@1:CAIQACodChtycF9oOi10bVNDTW5CYlg2Rzd2SUs1MjMxMXc%7C%7C?hl=id,2026-06-01T14:47:40.479Z,batch_001,14,true,,"Rumah Atsiri konsep edukasi, entertainment, cafe , showcase yang terintegrasi menambah wawasan bagi semua kalangan."
Ci9DQUlRQUNvZENodHljRjlvT2kxM1RHOXJPRVJwVlZsd1NYQjBUVnBGVjNORFFuYxAB,111672404216394109279,2026-05-07T01:05:50.796Z,3,"Kasihan drivernya
Sudah bawa penumpng banyak diarahkan kesitu tpi gk dapat apa2",0,,,https://www.google.com/maps/reviews/data=!4m8!14m7!1m6!2m5!1sCi9DQUlRQUNvZENodHljRjlvT2kxM1RHOXJPRVJwVlZsd1NYQjBUVnBGVjNORFFuYxAB!2m1!1s0x0:0x49cd93be2a9d4605!3m1!1s2@1:CAIQACodChtycF9oOi13TG9rOERpVVlwSXB0TVpFV3NDQnc%7C%7C?hl=id,2026-06-01T14:47:40.479Z,batch_001,12,true,,Kasihan drivernya Sudah bawa penumpng banyak diarahkan kesitu tpi gk dapat apa2
Ci9DQUlRQUNvZENodHljRjlvT2xoNVpVbzJiR0ZDVlVwWGMyeFJhVWRwU2t3d1ZGRRAB,103607058007378091417,2026-05-06T09:48:49.856Z,5,"Aku datengnya kesoreann😔 jadi cuma sempet foto² di taman marigold (yang viral) sama makan di restonya. Gak sempet ke museum/ikut workshop. Untuk TIKET MASUK 50k dan bisa dituker ke rekreasi yg ada di atsiri ini, karena aku cuma smpt makan di resto..jdnya tiket aku tuker buat makan & nambah dikittt karena total makanku lebih dari 50k (bisa qris/tunai)
Jaraknya cukup jauh dari kota Solo, sebagai turisssssss... agak syok ketika melewati jalanan lintas provinsi di Jawa tengah iniiii. Pilihnya yg jalan solo-lawu ya gess! Jangan sampe pilih jalan alternatif, aga ngeri jalannya naik turun soalnya (aku perginya salah jalan! 😅)

Selebihnyaaaa... atsiri oke lah untuk didatangi, sejukkkkk pulaaa, Tawangmangu besttt🥰",0,,,https://www.google.com/maps/reviews/data=!4m8!14m7!1m6!2m5!1sCi9DQUlRQUNvZENodHljRjlvT2xoNVpVbzJiR0ZDVlVwWGMyeFJhVWRwU2t3d1ZGRRAB!2m1!1s0x0:0x49cd93be2a9d4605!3m1!1s2@1:CAIQACodChtycF9oOlh5ZUo2bGFCVUpXc2xRaUdpSkwwVFE%7C%7C?hl=id,2026-06-01T14:47:40.479Z,batch_001,110,true,,"Aku datengnya kesoreann😔 jadi cuma sempet foto² di taman marigold (yang viral) sama makan di restonya. Gak sempet ke museum/ikut workshop. Untuk TIKET MASUK 50k dan bisa dituker ke rekreasi yg ada di atsiri ini, karena aku cuma smpt makan di resto..jdnya tiket aku tuker buat makan & nambah dikittt karena total makanku lebih dari 50k (bisa qris/tunai) Jaraknya cukup jauh dari kota Solo, sebagai turisssssss... agak syok ketika melewati jalanan lintas provinsi di Jawa tengah iniiii. Pilihnya yg jalan solo-lawu ya gess! Jangan sampe pilih jalan alternatif, aga ngeri jalannya naik turun soalnya (aku perginya salah jalan! 😅) Selebihnyaaaa... atsiri oke lah untuk didatangi, sejukkkkk pulaaa, Tawangmangu besttt🥰"
Ci9DQUlRQUNvZENodHljRjlvT2tSSk5UbE5kMFJsZW1WTWRtOHRjRFZqU1RjemRrRRAB,110360000067630360929,2026-05-06T01:58:45.521Z,5,edukasi tentang tanaman penghasil minyak untuk parfum dan minyak aroma terapi,0,,,https://www.google.com/maps/reviews/data=!4m8!14m7!1m6!2m5!1sCi9DQUlRQUNvZENodHljRjlvT2tSSk5UbE5kMFJsZW1WTWRtOHRjRFZqU1RjemRrRRAB!2m1!1s0x0:0x49cd93be2a9d4605!3m1!1s2@1:CAIQACodChtycF9oOkRJNTlNd0RlemVMdm8tcDVjSTczdkE%7C%7C?hl=id,2026-06-01T14:47:40.479Z,batch_001,11,true,,edukasi tentang tanaman penghasil minyak untuk parfum dan minyak aroma terapi
Ci9DQUlRQUNvZENodHljRjlvT2kxdmVFUlBla1pHTVhwVWIyMXhlR2RzY1hocFEwRRAB,118431388981047800259,2026-05-05T09:45:36.518Z,5,"Tempatnya sejuk, berhawa dingin, jadi pas banget kalo mau testing parfum. Parkiran juga banyak dan rapi.
Baru tahu kalo Indonesia punya rumah parfum seperti ini, yang memadukan dan melestarikan kekayaan aroma nusantara, budaya, dan kearifan lokalnya. Ada meseumnya juga yang menceritakan bagaimana rumah parfum ini ber-awal.

Storenya mewah, bisa nyobain banyak parfum, mbaknya semua ramah.
Favorit saya adalah BUAI.

Liburan, wajib ke sini sih.",0,,,https://www.google.com/maps/reviews/data=!4m8!14m7!1m6!2m5!1sCi9DQUlRQUNvZENodHljRjlvT2kxdmVFUlBla1pHTVhwVWIyMXhlR2RzY1hocFEwRRAB!2m1!1s0x0:0x49cd93be2a9d4605!3m1!1s2@1:CAIQACodChtycF9oOi1veERPekZGMXpUb21xeGdscXhpQ0E%7C%7C?hl=id,2026-06-01T14:47:40.479Z,batch_001,64,true,,"Tempatnya sejuk, berhawa dingin, jadi pas banget kalo mau testing parfum. Parkiran juga banyak dan rapi. Baru tahu kalo Indonesia punya rumah parfum seperti ini, yang memadukan dan melestarikan kekayaan aroma nusantara, budaya, dan kearifan lokalnya. Ada meseumnya juga yang menceritakan bagaimana rumah parfum ini ber-awal. Storenya mewah, bisa nyobain banyak parfum, mbaknya semua ramah. Favorit saya adalah BUAI. Liburan, wajib ke sini sih."
Ci9DQUlRQUNvZENodHljRjlvT21sME1FVkdjRWwzVURGR1dteERiVmM0UjNKclVVRRAB,100277949533511287684,2026-05-05T01:57:52.133Z,5,Minimal harus coba buat sendiri parfum atsirinya...seruu dan happy sesudahnya,0,,,https://www.google.com/maps/reviews/data=!4m8!14m7!1m6!2m5!1sCi9DQUlRQUNvZENodHljRjlvT21sME1FVkdjRWwzVURGR1dteERiVmM0UjNKclVVRRAB!2m1!1s0x0:0x49cd93be2a9d4605!3m1!1s2@1:CAIQACodChtycF9oOml0MEVGcEl3UDFGWmxDbVc4R3JrUUE%7C%7C?hl=id,2026-06-01T14:47:40.479Z,batch_001,11,true,,Minimal harus coba buat sendiri parfum atsirinya...seruu dan happy sesudahnya
Ci9DQUlRQUNvZENodHljRjlvT2taelJrVlNNRUV0ZFZWWFFrcG5jMWxqWW5RMVVsRRAB,113053532494178217414,2026-05-04T03:37:13.422Z,5,cocok buat ngedate,0,,,https://www.google.com/maps/reviews/data=!4m8!14m7!1m6!2m5!1sCi9DQUlRQUNvZENodHljRjlvT2taelJrVlNNRUV0ZFZWWFFrcG5jMWxqWW5RMVVsRRAB!2m1!1s0x0:0x49cd93be2a9d4605!3m1!1s2@1:CAIQACodChtycF9oOkZzRkVSMEEtdVVXQkpnc1ljYnQ1UlE%7C%7C?hl=id,2026-06-01T14:47:40.479Z,batch_001,3,true,,cocok buat ngedate
Ci9DQUlRQUNvZENodHljRjlvT201ZlpFcHhVMWx6YVZSZmJqQkxOMk0wVHpNMVpFRRAB,100430502608202858286,2026-05-04T03:11:45.503Z,5,A lot of activity to do here. You can spend a full day here. It’s a best place if you like aroma and botanicals. It can be a good architecture experience.,0,,,https://www.google.com/maps/reviews/data=!4m8!14m7!1m6!2m5!1sCi9DQUlRQUNvZENodHljRjlvT201ZlpFcHhVMWx6YVZSZmJqQkxOMk0wVHpNMVpFRRAB!2m1!1s0x0:0x49cd93be2a9d4605!3m1!1s2@1:CAIQACodChtycF9oOm5fZEpxU1lzaVRfbjBLN2M0TzM1ZEE%7C%7C?hl=id,2026-06-01T14:47:40.479Z,batch_001,31,true,,A lot of activity to do here. You can spend a full day here. It’s a best place if you like aroma and botanicals. It can be a good architecture experience.
Ci9DQUlRQUNvZENodHljRjlvT25sd1UxVnBURkp6YlV3elRsWTJVM2g2VVdwR00zYxAB,108779795461906933360,2026-05-04T02:45:04.123Z,5,"Tempatnya bagus tp lumayan mahal tiket nya..
Ada tempat makannya, ada taman, ada museum cuman kemaren pas kesana gak dapat guide nya",0,,,https://www.google.com/maps/reviews/data=!4m8!14m7!1m6!2m5!1sCi9DQUlRQUNvZENodHljRjlvT25sd1UxVnBURkp6YlV3elRsWTJVM2g2VVdwR00zYxAB!2m1!1s0x0:0x49cd93be2a9d4605!3m1!1s2@1:CAIQACodChtycF9oOnlwU1VpTFJzbUwzTlY2U3h6UWpGM3c%7C%7C?hl=id,2026-06-01T14:47:40.479Z,batch_001,22,true,,"Tempatnya bagus tp lumayan mahal tiket nya.. Ada tempat makannya, ada taman, ada museum cuman kemaren pas kesana gak dapat guide nya"
Ci9DQUlRQUNvZENodHljRjlvT2xOZk1uUjVMV3BMVkZoaVRHaEJXWFIwVGxKMlRsRRAB,101534783371159822839,2026-05-02T07:35:35.493Z,5,Bagus2 barang yg dijual dan ada glamping2nya,0,,,https://www.google.com/maps/reviews/data=!4m8!14m7!1m6!2m5!1sCi9DQUlRQUNvZENodHljRjlvT2xOZk1uUjVMV3BMVkZoaVRHaEJXWFIwVGxKMlRsRRAB!2m1!1s0x0:0x49cd93be2a9d4605!3m1!1s2@1:CAIQACodChtycF9oOlNfMnR5LWpLVFhiTGhBWXR0TlJ2TlE%7C%7C?hl=id,2026-06-01T14:47:40.479Z,batch_001,7,true,,Bagus2 barang yg dijual dan ada glamping2nya
Ci9DQUlRQUNvZENodHljRjlvT2tkQ1dqRkliRWhUWlhBNUxYZEJaMUZtTW5kZk9FRRAB,105931047567078594375,2026-05-01T08:58:18.597Z,5,Baguss wisata edukasi,0,,,https://www.google.com/maps/reviews/data=!4m8!14m7!1m6!2m5!1sCi9DQUlRQUNvZENodHljRjlvT2tkQ1dqRkliRWhUWlhBNUxYZEJaMUZtTW5kZk9FRRAB!2m1!1s0x0:0x49cd93be2a9d4605!3m1!1s2@1:CAIQACodChtycF9oOkdCWjFIbEhTZXA5LXdBZ1FmMndfOEE%7C%7C?hl=id,2026-06-01T14:47:40.479Z,batch_001,3,true,,Baguss wisata edukasi
Ci9DQUlRQUNvZENodHljRjlvT21JNFJITjJSak5WY1ZaR2IyZHVTbkZsZUhCTWIzYxAB,112305119331701100096,2026-04-30T06:31:26.141Z,5,"Memorable expirience 5/5. Suasana sangat nyaman, harga makanan resto termasuk murah 5/5. Service ramah, personalized.",0,,,https://www.google.com/maps/reviews/data=!4m8!14m7!1m6!2m5!1sCi9DQUlRQUNvZENodHljRjlvT21JNFJITjJSak5WY1ZaR2IyZHVTbkZsZUhCTWIzYxAB!2m1!1s0x0:0x49cd93be2a9d4605!3m1!1s2@1:CAIQACodChtycF9oOmI4RHN2RjNVcVZGb2duSnFleHBMb3c%7C%7C?hl=id,2026-06-01T14:47:40.479Z,batch_001,17,true,,"Memorable expirience 5/5. Suasana sangat nyaman, harga makanan resto termasuk murah 5/5. Service ramah, personalized."
Ci9DQUlRQUNvZENodHljRjlvT2xoVVdFSlNjekJaTkRWc1MzcERibWRCT0ZCSVprRRAB,117482045823395391343,2026-04-27T00:35:53.248Z,5,"Everyone should try aromatic garden tour! Shout out to mba tuwila yang menemani selama  tour berlangsung. Super insightful karena tau fungsi tanaman, bisa nyoba nyium bau + makan tanaman (iya beneran makan daun). Gardennya juga cantik banget buat foto2. Would recommend ambil tour ini, especially yang baru pertama ke atsiri ❤️

Aku juga nyoba museum tour dan foto2 di plaza marigould. Museumnya lebih ke menceritakan sejarah tentang atsiri dan parfum di dunia. A must try too ^^

Aku pesan tiket  untuk keduanya in advance di traveloka dan dapat harga 63.5k. Jadi konsepnya udah paket gitu",0,,,https://www.google.com/maps/reviews/data=!4m8!14m7!1m6!2m5!1sCi9DQUlRQUNvZENodHljRjlvT2xoVVdFSlNjekJaTkRWc1MzcERibWRCT0ZCSVprRRAB!2m1!1s0x0:0x49cd93be2a9d4605!3m1!1s2@1:CAIQACodChtycF9oOlhUWEJSczBZNDVsS3pDbmdBOFBIZkE%7C%7C?hl=id,2026-06-01T14:47:40.479Z,batch_001,93,true,,"Everyone should try aromatic garden tour! Shout out to mba tuwila yang menemani selama tour berlangsung. Super insightful karena tau fungsi tanaman, bisa nyoba nyium bau + makan tanaman (iya beneran makan daun). Gardennya juga cantik banget buat foto2. Would recommend ambil tour ini, especially yang baru pertama ke atsiri ❤️ Aku juga nyoba museum tour dan foto2 di plaza marigould. Museumnya lebih ke menceritakan sejarah tentang atsiri dan parfum di dunia. A must try too ^^ Aku pesan tiket untuk keduanya in advance di traveloka dan dapat harga 63.5k. Jadi konsepnya udah paket gitu"
Ci9DQUlRQUNvZENodHljRjlvT2xOM01EaFpaRTVKT0hWd2VHNU1iMjVTVkdNMlpsRRAB,103389780779705753823,2026-04-26T05:00:39.293Z,5,Kids friendly banget,0,,,https://www.google.com/maps/reviews/data=!4m8!14m7!1m6!2m5!1sCi9DQUlRQUNvZENodHljRjlvT2xOM01EaFpaRTVKT0hWd2VHNU1iMjVTVkdNMlpsRRAB!2m1!1s0x0:0x49cd93be2a9d4605!3m1!1s2@1:CAIQACodChtycF9oOlN3MDhZZE5JOHVweG5Mb25SVGM2ZlE%7C%7C?hl=id,2026-06-01T14:47:40.479Z,batch_001,3,true,,Kids friendly banget
Ci9DQUlRQUNvZENodHljRjlvT2xablEzUkRUVm8zWjFwTlNXWlVaMVp3Y1dWSVZVRRAB,105385367117124100920,2026-04-26T03:45:49.780Z,5,"Sebuah edutourism yg keren ya, memadukan traditional dan modern untuk bikin tempat yg aesthetic tiket murah 50rb namun dkonversi dalam bentuk voucher so kalo abis ya tinggal tambah lagi",0,,,https://www.google.com/maps/reviews/data=!4m8!14m7!1m6!2m5!1sCi9DQUlRQUNvZENodHljRjlvT2xablEzUkRUVm8zWjFwTlNXWlVaMVp3Y1dWSVZVRRAB!2m1!1s0x0:0x49cd93be2a9d4605!3m1!1s2@1:CAIQACodChtycF9oOlZnQ3RDTVo3Z1pNSWZUZ1ZwcWVIVUE%7C%7C?hl=id,2026-06-01T14:47:40.479Z,batch_001,29,true,,"Sebuah edutourism yg keren ya, memadukan traditional dan modern untuk bikin tempat yg aesthetic tiket murah 50rb namun dkonversi dalam bentuk voucher so kalo abis ya tinggal tambah lagi"
Ci9DQUlRQUNvZENodHljRjlvT2pOMlJscEZjR1pTYWkxRWRESnplSGhzVlhGWVVIYxAB,116531539611039834623,2026-04-25T13:04:26.077Z,5,"first time kesini, tempatnya like a zen, cocok buat zen banget, dan ga cuma bisa buat makan dan nongkrong tapi bisa buat nambah peredukasian, worth bgt dengan harga segitu dapet fasilitas yg bersih terjaga dan nyaman tentunya.",0,,,https://www.google.com/maps/reviews/data=!4m8!14m7!1m6!2m5!1sCi9DQUlRQUNvZENodHljRjlvT2pOMlJscEZjR1pTYWkxRWRESnplSGhzVlhGWVVIYxAB!2m1!1s0x0:0x49cd93be2a9d4605!3m1!1s2@1:CAIQACodChtycF9oOjN2RlpFcGZSai1EdDJzeHhsVXFYUHc%7C%7C?hl=id,2026-06-01T14:47:40.479Z,batch_001,37,true,,"first time kesini, tempatnya like a zen, cocok buat zen banget, dan ga cuma bisa buat makan dan nongkrong tapi bisa buat nambah peredukasian, worth bgt dengan harga segitu dapet fasilitas yg bersih terjaga dan nyaman tentunya."
Ci9DQUlRQUNvZENodHljRjlvT21Zd1lWQkxOVVl4V1ZsS1FqbHRTRkI2TW1wemVVRRAB,102456131114716241854,2026-04-24T01:13:23.419Z,5,seruu abiz & suasana asri tenang bgt 💕,0,,,https://www.google.com/maps/reviews/data=!4m8!14m7!1m6!2m5!1sCi9DQUlRQUNvZENodHljRjlvT21Zd1lWQkxOVVl4V1ZsS1FqbHRTRkI2TW1wemVVRRAB!2m1!1s0x0:0x49cd93be2a9d4605!3m1!1s2@1:CAIQACodChtycF9oOmYwYVBLNUYxWVlKQjltSFB6MmpzeUE%7C%7C?hl=id,2026-06-01T14:47:40.479Z,batch_001,6,true,,seruu abiz & suasana asri tenang bgt 💕
Ci9DQUlRQUNvZENodHljRjlvT2tWTFoxSmFhRzVIZEU1c1YzWk9aVTlLV0ZaeFpFRRAB,106628430947568082294,2026-04-23T23:37:40.305Z,5,"Kalau lagi ke tawangmangu jgn lupa berkunjung juga kesini, disana wajib beli voucher seharga 100k yg nanti bisa digunakan buat belanja, ini wajib sih krn uangnya ngga bisa di refund.
Baru pertama masuk ke lobby lgsg tercium wangi aroma terapi, jd jalan2 disana sudah bisa dipastikan wangiii.

disana jgn lupa mampir ke museumnya, bayar 65k & didampingi tour guide, worth it krn kita jadi tau sejarah aromaterapi dr berbagai negara, dan kenapa bisa mahal harganya.
Kalau ngga mampir ke museum bisa foto2 cantik di taman bunganya 🌼🌼

Sebelum pulang jgn lupa mampir ke foodcourtnya dan jgn lupa beli parfumnya, ini recomend banget sih.",0,,,https://www.google.com/maps/reviews/data=!4m8!14m7!1m6!2m5!1sCi9DQUlRQUNvZENodHljRjlvT2tWTFoxSmFhRzVIZEU1c1YzWk9aVTlLV0ZaeFpFRRAB!2m1!1s0x0:0x49cd93be2a9d4605!3m1!1s2@1:CAIQACodChtycF9oOkVLZ1JaaG5HdE5sV3ZOZU9KWFZxZEE%7C%7C?hl=id,2026-06-01T14:47:40.479Z,batch_001,101,true,,"Kalau lagi ke tawangmangu jgn lupa berkunjung juga kesini, disana wajib beli voucher seharga 100k yg nanti bisa digunakan buat belanja, ini wajib sih krn uangnya ngga bisa di refund. Baru pertama masuk ke lobby lgsg tercium wangi aroma terapi, jd jalan2 disana sudah bisa dipastikan wangiii. disana jgn lupa mampir ke museumnya, bayar 65k & didampingi tour guide, worth it krn kita jadi tau sejarah aromaterapi dr berbagai negara, dan kenapa bisa mahal harganya. Kalau ngga mampir ke museum bisa foto2 cantik di taman bunganya 🌼🌼 Sebelum pulang jgn lupa mampir ke foodcourtnya dan jgn lupa beli parfumnya, ini recomend banget sih."
Ci9DQUlRQUNvZENodHljRjlvT210TU5EaFVOelpsTXpGVlVFcHNRa1psYjFoUlpsRRAB,112288787168671802173,2026-04-23T13:42:29.404Z,5,Apik banget penataan ruang dan kebun. Bunga dan semua ornamen di dalamnya sungguh pas. Ditambah gaya bangunan yang unik,0,,,https://www.google.com/maps/reviews/data=!4m8!14m7!1m6!2m5!1sCi9DQUlRQUNvZENodHljRjlvT210TU5EaFVOelpsTXpGVlVFcHNRa1psYjFoUlpsRRAB!2m1!1s0x0:0x49cd93be2a9d4605!3m1!1s2@1:CAIQACodChtycF9oOmtMNDhUNzZlMzFVUEpsQkZlb1hRZlE%7C%7C?hl=id,2026-06-01T14:47:40.479Z,batch_001,19,true,,Apik banget penataan ruang dan kebun. Bunga dan semua ornamen di dalamnya sungguh pas. Ditambah gaya bangunan yang unik
Ci9DQUlRQUNvZENodHljRjlvT2xaS2FXTjRMVGxIWWpKVlVYQk1VM0I2VTI5amNtYxAB,117232146644206933962,2026-04-23T07:53:57.792Z,5,Pengalaman yang luar biasa,0,,,https://www.google.com/maps/reviews/data=!4m8!14m7!1m6!2m5!1sCi9DQUlRQUNvZENodHljRjlvT2xaS2FXTjRMVGxIWWpKVlVYQk1VM0I2VTI5amNtYxAB!2m1!1s0x0:0x49cd93be2a9d4605!3m1!1s2@1:CAIQACodChtycF9oOlZKaWN4LTlHYjJVUXBMU3B6U29jcmc%7C%7C?hl=id,2026-06-01T14:47:40.479Z,batch_001,4,true,,Pengalaman yang luar biasa
Ci9DQUlRQUNvZENodHljRjlvT2xKc1VIRkdVMnhRYW1obU5XeHBiVlJhV1U0d1ZVRRAB,113170881499602853749,2026-04-23T07:11:42.340Z,5,"Tempatnya nyaman, tenang",0,,,https://www.google.com/maps/reviews/data=!4m8!14m7!1m6!2m5!1sCi9DQUlRQUNvZENodHljRjlvT2xKc1VIRkdVMnhRYW1obU5XeHBiVlJhV1U0d1ZVRRAB!2m1!1s0x0:0x49cd93be2a9d4605!3m1!1s2@1:CAIQACodChtycF9oOlJsUHFGU2xQamhmNWxpbVRaWU4wVUE%7C%7C?hl=id,2026-06-01T14:47:40.479Z,batch_001,3,true,,"Tempatnya nyaman, tenang"
Ci9DQUlRQUNvZENodHljRjlvT2pobFoyMTZiRVYwU1UxclJUWjJkRXd0TVZsdlJIYxAB,110191208527689908093,2026-04-20T14:39:45.550Z,5,"Best place to visit when in TW 👍🏽👍🏽 keren dan sangat atraktif. Restonya enak, harga terjangkau dan menunya variatif. Museumnya lengkap dan guide nya juga sangat insightful. Jangan lupa beli cinderamata dan parfum. Wanginya sangat otentik 🥰 sudah kunjungan kedua. Sekarang lagi dibangun, semoga makin baik dan rame ke depannya",0,,,https://www.google.com/maps/reviews/data=!4m8!14m7!1m6!2m5!1sCi9DQUlRQUNvZENodHljRjlvT2pobFoyMTZiRVYwU1UxclJUWjJkRXd0TVZsdlJIYxAB!2m1!1s0x0:0x49cd93be2a9d4605!3m1!1s2@1:CAIQACodChtycF9oOjhlZ216bEV0SU1rRTZ2dEwtMVlvRHc%7C%7C?hl=id,2026-06-01T14:47:40.479Z,batch_001,48,true,,"Best place to visit when in TW 👍🏽👍🏽 keren dan sangat atraktif. Restonya enak, harga terjangkau dan menunya variatif. Museumnya lengkap dan guide nya juga sangat insightful. Jangan lupa beli cinderamata dan parfum. Wanginya sangat otentik 🥰 sudah kunjungan kedua. Sekarang lagi dibangun, semoga makin baik dan rame ke depannya"
Ci9DQUlRQUNvZENodHljRjlvT2kxemNYaFdlR1YxYWxSUGJ6bEJlakJYTld3MUxWRRAB,107610430479739763502,2026-04-20T13:55:24.808Z,5,"Menarik  sekali, insfrastruktur peduli untuk sahabat spesial Disabilitas , jsdi naik kursi roda bisa keliling lengkap",0,,,https://www.google.com/maps/reviews/data=!4m8!14m7!1m6!2m5!1sCi9DQUlRQUNvZENodHljRjlvT2kxemNYaFdlR1YxYWxSUGJ6bEJlakJYTld3MUxWRRAB!2m1!1s0x0:0x49cd93be2a9d4605!3m1!1s2@1:CAIQACodChtycF9oOi1zcXhWeGV1alRPbzlBejBXNWw1LVE%7C%7C?hl=id,2026-06-01T14:47:40.479Z,batch_001,15,true,,"Menarik sekali, insfrastruktur peduli untuk sahabat spesial Disabilitas , jsdi naik kursi roda bisa keliling lengkap"
Ci9DQUlRQUNvZENodHljRjlvT21OS1ZHcFhZbEpOUzFWNWVVMW5UeTE2UW5sZk1uYxAB,103871679113245201609,2026-04-19T10:26:23.152Z,5,An amazing experience combining culture and nature with activities that can boost your knowledge about parfume,0,,,https://www.google.com/maps/reviews/data=!4m8!14m7!1m6!2m5!1sCi9DQUlRQUNvZENodHljRjlvT21OS1ZHcFhZbEpOUzFWNWVVMW5UeTE2UW5sZk1uYxAB!2m1!1s0x0:0x49cd93be2a9d4605!3m1!1s2@1:CAIQACodChtycF9oOmNKVGpXYlJNS1V5eU1nTy16QnlfMnc%7C%7C?hl=id,2026-06-01T14:47:40.479Z,batch_001,16,true,,An amazing experience combining culture and nature with activities that can boost your knowledge about parfume
Ci9DQUlRQUNvZENodHljRjlvT2s1TWJrVlpkbVZrWkc1RlExWXRlSEZITmpGd2FVRRAB,113576877111813070202,2026-04-19T06:39:20.053Z,5,Di rumah atsiri ada Banyak pilihan tur yg ditawarkan,0,,,https://www.google.com/maps/reviews/data=!4m8!14m7!1m6!2m5!1sCi9DQUlRQUNvZENodHljRjlvT2s1TWJrVlpkbVZrWkc1RlExWXRlSEZITmpGd2FVRRAB!2m1!1s0x0:0x49cd93be2a9d4605!3m1!1s2@1:CAIQACodChtycF9oOk5MbkVZdmVkZG5FQ1YteHFHNjFwaUE%7C%7C?hl=id,2026-06-01T14:47:40.479Z,batch_001,9,true,,Di rumah atsiri ada Banyak pilihan tur yg ditawarkan
Ci9DQUlRQUNvZENodHljRjlvT25OMU5WaE1UbXQzT1hScFUyNWpUbkJuZG1saE1VRRAB,117835595358282182139,2026-04-19T04:48:58.103Z,5,"Tempatnya cantikk, sejuk, luas, bisa belajar tentang berbagai macam tumbuhan atsiri ✨️✨️",0,,,https://www.google.com/maps/reviews/data=!4m8!14m7!1m6!2m5!1sCi9DQUlRQUNvZENodHljRjlvT25OMU5WaE1UbXQzT1hScFUyNWpUbkJuZG1saE1VRRAB!2m1!1s0x0:0x49cd93be2a9d4605!3m1!1s2@1:CAIQACodChtycF9oOnN1NVhMTmt3OXRpU25jTnBndmlhMUE%7C%7C?hl=id,2026-06-01T14:47:40.479Z,batch_001,11,true,,"Tempatnya cantikk, sejuk, luas, bisa belajar tentang berbagai macam tumbuhan atsiri ✨️✨️"
Ci9DQUlRQUNvZENodHljRjlvT2tOVExWZERlR0ZoT0ZsS1IwcHlTM0p5VWxvd2NYYxAB,102498787154444285921,2026-04-19T01:27:15.551Z,5,"For someone who likes aromatherapy, this is highly recommended to visit. I visited the museum and the guide was very proactive for about 30-40 minutes and gave a very good impression. The price is 50,000 which can be exchanged for a voucher according to the post we will enter.",0,,,https://www.google.com/maps/reviews/data=!4m8!14m7!1m6!2m5!1sCi9DQUlRQUNvZENodHljRjlvT2tOVExWZERlR0ZoT0ZsS1IwcHlTM0p5VWxvd2NYYxAB!2m1!1s0x0:0x49cd93be2a9d4605!3m1!1s2@1:CAIQACodChtycF9oOkNTLVdDeGFhOFlKR0pyS3JyUlowcXc%7C%7C?hl=id,2026-06-01T14:47:40.479Z,batch_001,50,true,,"For someone who likes aromatherapy, this is highly recommended to visit. I visited the museum and the guide was very proactive for about 30-40 minutes and gave a very good impression. The price is 50,000 which can be exchanged for a voucher according to the post we will enter."
